Bairro,Quantidade
AANCHIETA,0
AARI,1
ABOLICAO,725
ABOLICO,1
ABOLIOCAO,1
ABOOICAO,1
ACARAI,0
ACARFI,0
ACARI,5.688
ACARIA,1
ACARI RUA,1
ACARO,1
ACARU,1
ACHIETA,1
ACIENCIA,0
ACRAI,1
AGALHAES BASTOS,1
AGUA SA,1
AGUA SANTA,730
AJU,4
AL,1
ALAGADO,0
ALT,0
ALTO,3
ALTO BOA VISTA,4
ALTO DA BOA,0
ALTO DA BOAVISTA,1
ALTO DA BOA VISTA,475
ALTO DA BOA VISTAQ,1
ALTO SIMAO,0
AMARELINHO,1
AMARO AMAURI DOS SANTOS,0
AMCHIETA,0
AMDARAI,1
AMIL,1
AMORIM,0
AMRE,0
AN,2
ANA,1
ANACHIETA,2
ANADARAI,1
ANARAI,1
ANC,0
ANCHEITA,6
ANCHETA,0
ANCHIEA,0
ANCHIET,0
ANCHIETA,5.351
ANCHIETE,1
ANCHIIETA,1
ANCHITA,2
ANCIETA,1
ANCIHETA,1
ANDA,1
ANDARA,1
ANDARAI,1.725
ANDARAII,2
ANDRAI,1
ANDREA FABRICIO DA SILVA,1
ANDREA MENDES CRUZ,1
ANGU,1
ANHIETA,1
ANI,1
ANIL,1.927
AN IL,0
ANILA,0
ANIL JACAREPAGUA,0
ANL,1
ANTA CRUZ,0
ANTARES,2
ANXIETA,1
ARARA,3
ARARA BENFICA,1
AREINHA,1
ASCARI,1
ATUBA,1
AUGUSTO VASCONCELOS,5
AV,1
AVENIDA,3
AVENIDA CIDADE DE DEUS LADO MPAR,0
AVENIDCOSTA BARROS,0
AV ITAOCA,1
Localidade não preenchida,0
BA,1
BABGU,1
BAIRO,0
BAIRRO,16
BAIRRO CARIOCA,5
BAIRRO CURICICA,1
BAIRRO DE FATIMA,1
BAIRRO FILHOS,0
BAIRRO INHOAIBA,1
BAIRRO REALENGO,1
BAIXA,1
BAIXA DO SAPATEIRO,5
BAIXA SAPATEIRO,1
BAMGU,2
BANBGU,1
BANCARIOS,839
B ANCARIOS,1
BANCRARIOS,0
BANGIU,0
BANGO,0
BANGU,20.019
BA NGU,2
BANGU CANCELA PRETA,1
BANGU CATIRI,7
BANGUE,1
BANGUI,1
BANGU II,1
BANGUJ,0
BANGUU,0
BANGU VILA KENNEDY,1
BANNGU,1
BANRUA,1
BANU,1
BANUGU,1
BAQNGU,0
BARA DA TIJUCA,1
BARAR DA TIJUCA,0
BARR,0
BARRA,1
BARRA DA TIJIUCA,0
B ARRA DA TIJUCA,0
BARRA DA TIJUCA,311
BARRA DE GUARATBA,1
BARRA DE GUARATIBA,430
BARRA DE GUARRTIBA,0
BARRA DE GUARTIBA,1
BARRA DE GURATIBA,1
BARRA DE TIJUCA,3
BARRA GUARATIBA,2
BARRA GUUARATIBA,0
BARR DA TIJUCA,1
BARREIRA DO VASCO,18
BARRO FILHO,1
BARRO FILHOS,1
BARROS,0
BARROS DE FILHO,1
BARROS FIHO,3
BARROS FILGO,0
BARROS FILHO,1.913
BARROS FILHOA,1
BARROS FILHOS,17
BARRROS FILHO,1
BATAM,1
BATAN,6
BEBTO RIBEIRO,1
BECO,0
BECO COQUERAL,1
BECO DA AMIZADE,1
BECO DA GLORIA,1
BEENFICA,1
BEIRA RIO,2
BELA VISTA,1
BEMFICA,1
BEN,2
BENFIC,1
BENFICA,3.97
BENTI RIBEIRO,1
BENTO RBEIRO,1
BENTO REBEIRO,4
BENTO RIBEIRO,2.164
BENTO RIBERO,5
BNACARIOS,0
BNAGU,2
BO,1
BO0NSUCESSO,0
BOATFOGO,2
BOIUNA,1
BOMSUCESSO,1
BONCESSO,0
BONSECESSO,0
BONSICESSO,2
BONSSUCESSO,0
BONSU,2
BONSUCESO,1
BONSUCESS0,3
BONSUCESSO,1.574
BONSUCESSO MARE,0
BONSUCESSO MARE BAIXA,0
BONSUCESSO MARE NOVA HOLANDA,2
BONSUCESSO MARE PARQUE UNIAO,0
BONSUCESSO MARE PINHEIRO,1
BONSUCESSO MARE TIMBAU,0
BONSUCESSO MARE VILA DO JOAO,1
BONSUCSSO,2
BORDA DO MATO,1
BOREL,1
BOSUCESSO,3
BOTAFOFO,3
BOTAFOGO,1.376
BOTAFOGO1,0
BOTAFOGOL,1
BOTAFOGOQ,0
BOTFOGO,1
BOTOFAGO,2
BRAS,1
BRAS DE,1
BRAS DE OLIVEIRA,1
BRAS DE P,0
BRAS DE PINA,4.322
BRASDE PINA,1
BRAS DE PINARUA,3
BRAS DE PNA,1
BRAS DE PONA,1
BRAS DRE PINA,1
BRAS E PINA,0
BRAS PINA,0
BRAZ DE PINA,58
BRS DE PINA,1
BRUNO BERTO FARIA,1
BSNGU,1
BUNGU,0
BUNSUCESSO,0
Localidade não preenchida,2
CA,0
CA 02,1
CAACHAMBI,0
CAAMPO GRANDE,1
CACADURA,0
CACAMBI,1
CACHAMB,0
CACHAMBI,1.39
CACHAMI,1
CACUIA,559
CAFUNDA,1
CAHAMBI,2
CAJ,0
CAJU,5.46
CAJU7,1
CAJU PARQUE ALEGRIA,1
CAJUU,0
CAKI,1
CALVALCANTI,0
CAM,1
CAMAPO GRANDE,1
CAMARA,0
CAMDPO GRANDE,0
CAMILA PAMELA FRANCISCO DE SOUZA,1
CAMMPO GRANDE,1
CAMO,1
CAMO GRANDE,6
CAMOO GRANDE,1
CAMOP GRANDE,1
CAMOPO GRANDE,1
CAMORIM,571
C AMORIM,1
CAMP,1
CAMP0 GRANDE,0
CAMP0O GRANDE,0
CAMP GRANDE,7
CAMPI GRANDE,3
CAMPIMHO,1
CAMPINHO,726
CAMPIO GRANDE,1
CAMPNHO,1
CAMPO,2
CAMPO 0GRANDE,1
CAMPO DOS AFONSO,0
CAMPO DOS AFONSOS,6
CAMPO FGRANDE,0
CAMPO GANDE,14
CAMPO GARANDE,1
CAMPO GARNDE,2
CAMPO GRA,1
CAMPO GRADE,5
CAMPO GRADNE,1
CAMPO GRAMDE,2
CAMPO GRAND,1
CAMPO GRAND3E,0
CAMPO GRANDCE,1
CAMPOGRANDE,8
C AMPO GRANDE,0
CAMP OGRANDE,1
CAMPO GRANDE,27.984
CAMPO GRAN DE,2
CAMPO GRANDE3,0
CAMPO GRANDE4,0
CAMPO GRANDE BECO,1
CAMPO GRANDEQ,4
CAMPO GRANDE RJ,0
CAMPO GRANDE RUA,1
CAMPO GRANDW,1
CAMPO GRANE,2
CAMPO GRANFDE,1
CAMPO GRANGE,1
CAMPO GRANNDE,1
CAMPO GRAQNDE,1
CAMPO GREANDE,2
CAMPO GRNADE,2
CAMPO GRNDE,10
CAMPO GTANDE,1
CAMPO GTRANDE,1
CAMPO GTRANMDE,1
CAMPOI GRANDE,2
CAMPO MGRANDE,0
CAMPOM GRANDE,2
CAMPO NGRANDE,1
CAMPONHO,0
CAMPOO GRANDE,2
CAMPOP GRANDE,2
CAMPO RANDE,0
CAMPOS DOS AFONSOS,1
CAMPOS GRANDE,0
CAMPP GRANDE,0
CAMPPO GRANDE,3
CANCELA PRETA,3
CANDIDO MAGALHAES,3
CANMPO GRANDE,1
CANORIM,0
CANPO GRANDE,1
CANTAGALO,0
CAOSMOS,1
CAPINHO,1
CAPOEIRA GRANDE,1
CAPO GRANDE,3
CARDOVIL,0
CARIOCA,1
CARLOS ALBERTO ALVES MARTINS,1
CARU,0
CAS,2
CASA,1
CASACADURA,1
CASACDURA,4
CASADURA,0
CASCADRURA,1
CASCADURA,2.429
CASCADURA Q,1
CASCARURA,1
CASCAURA,1
CASCDAURA,1
CASCDURA,2
CASMPO GRANDE,3
CASTA BARROS,0
CASTELO,1
CATET,2
CATETE,638
CATIA DOS SANTOS FERREIRA,1
CATIRI,8
CATUMBI,1.605
CATUMNI,1
CAVACANTI,1
CAVALACANTE,1
CAVALCANTE,40
CAVALCANTI,1.379
CAVALCATE,1
CAVALCATI,1
CAVALVANTI,3
CAVANCANTI,0
CAVLACANTI,1
CCAMPO GRANDE,1
CCASCADURA,1
CCENTRO,1
CCOELHO NETO,0
CCOMPLEXO DO ALEMAO,1
CCOSTA BARROS,1
CDADE DE DEUS,1
CDD,1
CE,1
CEN,2
CENMTRO,1
CENRO,2
CENTEO,1
CENTR,1
CENTRAL,3
CENTRO,6.204
CE NTRO,2
CENTRO 1,1
CENTRO DA CIDADE,2
CENTRO N,14
CENTRO Q,1
CENTRP,0
CENTYRO,1
CESARAO,5
CESARI ODE MELO,1
CESAR MAIA,0
CETRO,1
CEWNTRO,1
CHACARA DO CEU,6
CHAPADAO,1
CHARACA DO CEU,2
CI,0
CIADADE DE DEUS,1
CIADE DE DEUS,1
CICADE DE DEUS,0
CIDA,1
CIDADADE DE DEUS,1
CIDADA DE DEUS,1
CIDADE,1
CIDADE ALTA,0
CIDADE D DEUS,0
CIDADE DE,1
CIDADE DE CIDADE,1
CIDADE DE DE,1
CIDADE DE DE DEUS,8
CIDADE DE DEIS,0
CIDADE DE DESU,4
CIDADE DE DEU,1
CIDADE DE DEUS,11.639
CIDADE DE DEUS3,1
CIDADE DE DEUS RUA,0
CIDADE DE E DEUS,1
CIDA DE DEUS,2
CIDADE DEUS,1
CIDADE DEUS FERREIRA,1
CIDADE INDUSTRIAL,0
CIDADE NOVA,506
CIDADES DE DEUS,1
CIDADE UNIVERCITARIA,1
CIDADE UNIVERSITARIA,167
CIDADE UNIVESITARIA,1
CIDAE DE DEUS,1
CIDAE NOVA,0
CIOSTA BARROS,1
CIPACABANA,0
CIRICICA,1
CIVENTE DE CARVALHO,1
CJACARE,0
CLEGIO,1
CMPLEXO DO ALEMAO,1
CMPO GRANDE,3
CNTRO,0
COAPCABANA,1
COCOTA,268
CODADE DE DEUS,1
COELGIO,3
COELH0 NETO,1
COELHO,0
COELHO NET0,1
COELHO NETO,3.482
COELHO N ETO,1
COELHO NETO FAZENDA BOTAFOGO,0
COELHO NRETO,0
COELHOP NETO,3
COELJHO NETO,1
COHAB,0
COLEGIO,2.896
COLEGIOI,1
COLEHO NET0,1
COLEHO NETO,2
COLETIVO,1
COLGIO,0
COLHO NETO,1
COLOGIO,1
COLONIA,15
COLONIA JACAREPAGUA,1
COLONIA JULIANO MOREIRA,0
COMLEXO DO ALEMAO,1
COMOLEXO DO ALEMAO,0
COMOS,2
COMPELXO DO ALEMAO,1
COMPEXO DO ALEMAO,14
COMPLEXO ALEMAO,8
COMPLEXO D ALEMAO,2
COMPLEXO DA MARE,4
COMPLEXO DA PENHA,9
COMPLEXO DE ALEMAO,17
COMPLEXO DO ALEMAO,13.207
COMPLEXO DO ALEMAO GROTA,0
COMPLEXO DO ALEMAOO,1
COMPLEXO DO ALEMAORUA,13
COMPLEXO DO ALEMAOTR,1
COMPLEXO DO ALEMNAO,1
COMPLEXO DO ALEMO,7
COMPLEXO DO CAMPINHO,1
COMPLEXO DO MEIO,1
COMPLEXON DO ALEMAO,1
COMPLEXO O ALEMAO,1
COMPLXO DO ALEMAO,0
COMUNIDADE,1
COMUNIDADE DO BOREL,1
CONJUNTO,1
CONJUNTO MIGUEL SALAZAR,0
COOLEGIO,1
COOMPLEXO DO ALEMAO,23
COOSMOS,0
COPABACANA,1
COPACAABAN,1
COPACAABANA,0
COPACABA,0
COPACABAANA,1
COPACABABA,0
COPACABABNA,0
COPACABANA,2.882
COPACABANA R,1
COPACABNA,0
COPACAVABA,0
COPACBAANA,0
COPACBANA,0
COPAQQCABANA,1
COPCABANA,2
COPLEXO DO ALEMAO,0
COPPACABANA,0
COR,1
CORD,1
CORDIVIL,1
CORDOVIL,4.239
CORDOVILRUA,1
CORDOVL,1
CORDOVOL,0
COROADO,0
COROVIL,7
COSA BARROS,1
COSM0,1
COSME VELHO,501
COSMO,34
COSMOS,8.897
C OSMOS,1
COSMOS 1,0
COSMOSQ,0
COSMS,0
COSMSO,0
COSNIS,1
COSTA,3
COSTA ABRROS,1
COSTA ARROS,1
COSTA BAARROS,1
COSTA BAROOS,1
COSTA BAROS,1
COSTA BARRAOS,1
COSTA BARRO,1
COSTA BARROD,0
COSTABARROS,2
COSTA BARROS,7.177
COSTA BARROSBECO,1
COSTA BARRPS,0
COSTA BARRROS,1
COSTA BASTOS,2
COSTA BRARROS,1
COSTA BRROS,1
COSTA BSRROS,1
COSTAS BARROS,3
COST BARROS,1
COTA BARROS,1
CPACABANA,0
CRICICA,1
CS 2,1
CSCADURA,0
CSOTA BARROS,2
CSTA BARROS,0
CUR,1
CURCICA,9
CURI,1
CURICA,0
CURICCA,0
CURICIA,3
CURICIACA,0
CURICICA,5.514
CURICICA JACAREPAGUA,1
CURICICA TAQUARA,0
CURIICA,1
CURIR,1
CURIRICA,0
CURUCICA,2
CURUMAU,1
CVALCANTE,0
CWNTRO,1
CXAMPO GRANDE,3
CXURICICA,1
DAMIANA RODRIGUES DA SILVA,1
DDEL CASTILHO,1
DEDODRO,1
DEDORO,0
DEL CASTILHIO,1
DEL CASTILHO,1.649
DEL CASTILJO,1
DEL CASTLHO,1
DEL CATILHO,1
DEL CSTILHO,1
DENDE,1
DEOD0RO,1
DEODEORO,1
DEODODRO,1
DEODOR,2
DEODORA,1
DEODORO,1.055
DEODOROGUADALUPE,0
DEODRO,1
DEOODRO,0
DEOORO,0
DE VASCONCELOS,1
DOIS DE MAIO,1
DOIS IRMAOS,1
DRENO,1
DUMA8,0
Localidade não preenchida,1
EDADE,1
EIO COMPRIDO,1
ELIZABETE REIS OLIVEIRA,1
EMGENHEIRO LEAL,1
EMGENHO DE DENTRO,1
ENADOR CAMARA,1
ENCANT,1
ENCANTA,1
ENCANTADA,0
ENCANTADO,1.377
ENCANTADOI,1
ENCANTANDO,1
ENCONTRO,1
ENEGENHEIRO LEAL,1
ENEGENHO DA RAINHA,0
ENEGENHO NOVO,0
ENEGNHO NOVO,0
ENENHO NOVO,1
ENG,1
ENG DA RAINHA,1
ENGE,0
ENGEHO DA RAINHA,0
ENGEHO DE DENTRO,1
ENGEHO NOVO,1
ENGEMNHEIRO LEAL,1
ENGENEHIRO LEAL,5
ENGENGO DA RAINHA,1
ENGENH,2
ENGENH DE DENTRO,1
ENGENHEIO LEAL,1
ENGENHEIRO LEAL,634
ENGENHEIRO LEL,0
ENGENHERIO LEAL,1
ENGENHO,8
ENGENHO A RAINHA,1
ENGENHO D,1
ENGENHO DA DE DENTRO,2
ENGENHO DA RAIHA,0
ENGENHO DA RAINHA,2.345
ENGENHO D DENTRO,1
ENGENHO DE DCENTRO,0
ENGENHO DE DENRTO,0
ENGENHO DE DENTO,3
ENGENHO DE DENTRO,4.874
ENGENHODE DENTRO,1
ENGENHO DE MDENTRO,1
ENGENHO DE NOVO,1
ENGENHO DENTRO,1
ENGENHO D ENTRO,1
ENGENHO DFA RAINHA,1
ENGENHO DO RAINHA,2
ENGENHOI DA RAINHA,1
ENGENHOI NOVO,0
ENGENHO NOCO,0
ENGENHO NOIVO,0
ENGEN HO NOVO,1
ENGENHO NOVO,4.184
ENGENHO RAINHA,1
ENGENHO VONO,2
ENGENJHO DA RAINHA,0
ENGEN NOVO,1
ENGENO NOVO,1
ENGHENHO NOVO,1
ENGNEH0 NOVO,1
ENGNEHO DE DENTRO,1
ENGNHO NOVO,2
ENHENHO NOVO,1
ENHGENHO NOVO,1
ENNGENHO DE DENTRO,1
ENTRO,1
EN TRO,1
ERENICIA GOMES VITAL,1
ESTACIO,2.23
ESTACUI,0
ESTRADA,7
ESTRADA BOUGAINVILLE,0
ESTRADA DA PEDRA,1
ESTRADA DAS CANOAS,1
FALLET,2
FAZENDA BOTAFOGO,3
FEREGUESIA JACAREPAGUA,1
FERNANDA FARIAS LEAL,1
FFEGUESIA JACAREPAGUA,0
FLAMENGO,396
FORMIGA,2
FRAGUESIA,0
FRE,1
FREGUESIA,1.501
FREGUESIA DE JACAREPAGUA,0
FREGUESIA FREGUESIA,0
FREGUESIA ILHA,0
FREGUESIA ILHA DO GOVERNADOR,0
FREGUESIA JACAEPAGUA,1
FREGUESIA JACARAPAGUA,1
FREGUESIA JACAREAPAGUA,1
FREGUESIA JACAREPAGUA,907
FREGUESIAJPA,0
FREGUESIA JPA,92
FREGUESIAS,1
FREGUESI JACAREPAGUA,1
FREI CANECA,0
FREQUESIA,2
FRERGUESIA,0
FRGUESIA,0
FUNDAO,0
Localidade não preenchida,2
GA,1
GABINAL,1
GADERNIA AZUL,3
GAEAO,1
GALAEAO,2
GALEA0,1
GALEAI,1
GALEAO,2.812
GALEAOP,0
GALEO,6
GALEOA,1
GAMBA,1
GAMBO,1
GAMBOA,2.489
GAMGOA,1
GAR,1
GARATIBA,3
GARDE,5
GARDE AZUL,0
GARDEINA AZUL,1
GARDEMIA AZUL,4
GARDENI,1
GARDENIA,11
GARDENIAAZUL,1
GARDENIA AZUL,2.619
GARDENI AZUL,1
GARDENIA ZUL,2
GARDNEIA AZUL,0
GAREDENIA AZUL,1
GAREDNIA AZUL,1
GARENIZA AZUL,0
GARNDENIA AZUL,0
GAUARTIBA,1
GAUDALUPE,3
GAURATIBA,0
GAVEA,193
GERSON ALVES FILHO,0
GFUADALUPE,1
GHUARATIBA,1
GIADALUPE,1
GLORIA,566
GLORIAQ,1
GOMBOA,0
GRAJA,1
GRAJAU,1.037
GRAJAUA,1
GRAJAUQ,0
GRDENIA AZUL,1
GRJAU,0
GRUMARI,17
GSMBOA,1
GU,1
GUA,0
GUAARATIBA,6
GUAARTIBA,1
GUABRATIBA,1
GUADA,3
GUADALEPU,0
GUADALIPE,0
GUADALPE,1
GUADALU,2
GUADALUOE,1
GUADALUPE,5.058
GUADALUPEA,1
GUADALUPR,1
GUADALUPWE,1
GUADAPUPE,1
GUADAUPE,2
GUADLUPE,2
GUAGALUPE,0
GUAGRATIBA,1
GUANDU,4
GUARA,2
GUARABU,1
GUARAIBA,1
GUARASTIBA,1
GUARAT,1
GUARATAIBA,5
GUARATGIBA,0
GUARATIB,2
GUARATIBA,15.786
GUA RATIBA,1
GUARA TIBA,1
GUARATI BA,2
GUARATIB A,1
GUARATIBA240354719,0
GUARATIBAA,1
GUARATIBAESTR,1
GUARATIBARU,2
GUARATIBARUA,1
GUARATIBBA,1
GUARATIIBA,1
GUARATIKBA,0
GUARATINA,2
GUARATRIBA,1
GUARATUBA,0
GUARDALUPE,0
GUARDENIA AZUL,1
GUARQATIBA,1
GUARTAIBA,4
GUARTIBA,9
GUATAIBA,0
GUATATIBA,1
GUAVRATIBA,1
GUBARATIBA,1
GUDALUPE,6
GUIADALUPE,2
GUIARATIBA,1
GURATIBA,24
GUSDALUPE,1
GUSRATIBA,1
GYADALUPE,1
GYARATIBA,1
Localidade não preenchida,1
HGIENOPOLIS,0
HIENOPOLIS,0
HIGEINOPOLIS,0
HIGENOPOLIS,0
HIGIEMOPOLIS,1
HIGIENOLPOLIS,1
HIGIENOPOLIS,738
HIGIENOPOLS,0
HIGIENOPPOLIS,0
HIGIENPOLIS,1
HIGINOPOLIS,0
HIGIRNOPOLIS,1
HIIENOPOLIS,0
HOGIENOPOLIS,1
HOGOENOLOPIS,1
HONIRIO GURGEL,1
HONO,0
HONORIO,2
HONORIO GRUGEL,1
HONORIO GUEGEL,1
HONORIO GUERGEL,1
HONORIO GUIRGEL,3
HONORIO GURG,1
HONORIOGURGEL,0
HONORIO GURGEL,2.65
HONORIO GURGRL,1
HONORIO GURGUEL,2
HONORORIO GURGEL,1
HORNORIO GURGEL,1
HUMAITA,57
Localidade não preenchida,2
IHNOAIBA,0
IHOAIBA,0
IILHA DO GOVERNADO,1
IINHOAIBA,3
IIPANEMA,1
IIRAJA,0
ILHA,1
ILHA DE GUARATIBA,5
ILHA DE PAQUETA,5
ILHA DO FUNDAO,1
ILHA DO GOVERNADO,0
ILHA DO GOVERNADOR,27
ILHA DO GOVERNADOR BANCARIOS,0
IMHAUMA,1
INAHUMA,3
INHAHUMA,2
INHAIBA,1
INHAIMA,1
INHAMA,1
INHAOAIBA,1
INHAOIAB,1
INHAOIABA,2
INHAOIBA,8
INHAUMA,2.632
INHAUMJA,0
INHAUMMA,1
INHJAUMA,1
INHOA,1
INHOABA,3
INHOAI,2
INHOAIABA,2
INHOAIBA,8.715
IN HOAIBA,0
INHOAIBAS,1
INHOAIBBA,1
INHOAIBEA,1
INHOAIBS,1
INHOAINA,1
INHOI,0
INHOIABA,12
INHOIAIBA,2
INHOIBA,14
ININHAUMA,0
INJHAUMA,1
INJHOAIBA,1
INNHOIAIBA,0
INOAIBA,2
INS DE VASCONCELOS,1
INTAMHANGA,0
IOTA,1
IPANEM,0
IPANEMA,1.047
IPANEMA D,0
IRA,3
IRAJ,0
IRAJA,3.921
IRA JA,1
IRAJAA,1
IRAJACARI,1
IRANHANGA,1
IRJA,0
IRTA,1
ISANTA CRUZ,1
ITA,11
ITA0,1
ITAA,0
ITAHANGA,2
ITAIBA,1
ITAM,1
ITAMJA,1
ITAN,2
ITANA,0
ITANANHAGA,0
ITANGANGA,1
ITANH,5
ITANHA,2
ITANHAA,0
ITANHAGA,13
ITANHAN,5
ITANHANA,0
ITANHANAGA,1
ITANHANG,1
ITANHANGA,4.138
ITAN HANGA,1
ITANHANGARU,1
ITANHANGA RUA,2
ITANHANGAS,1
ITANHANHA,1
ITANHN,1
ITANHNAGA,5
ITANHNGA,1
ITAQNHA,2
ITARARE,0
ITNAHANGA,1
ITRA,1
IUNHOAIBA,0
IVANIL PEREIRA DOS SANTOS,0
Localidade não preenchida,1
J A,2
JAACRE,2
JAARDIM AMERICA,0
JAAREPAGUA,1
JABOUR,0
JACA,0
JACAARE,0
JACAEPAGUA,1
JACAPAGUA,1
JACAR,0
JACARAPEGUA,2
JACARARAPAGUA,1
JACARE,4.814
JACAREAPAGU,1
JACAREAPAGUA,4
JACAREAPGUA,3
JACAREBARROS FILHO,1
JACAREGUA,0
JACAREOAGUA,1
JACAREPA,1
JACAREPAGA,0
JACAREPAGAU,1
JACAREPAGAUA,1
JACAREPAGIUA,0
JACAREPAGU,1
JACAREPAGUA,6.741
JACARE PAGUA,1
JACAREPAGUA CIDADE DE DEUS,1
JACAREPAGUA CURICICA,0
JACAREPAGUA FREGUESIA,1
JACAREPAGUA TAQUARA,0
JACAREPAQUA,0
JACAREPAUA,1
JACAREPEGUA,1
JACAREPGUA,2
JACAREZIBHO,1
JACAREZIHO,1
JACAREZINH,1
JACAREZINH0,1
JACAREZINHA,1
JACAREZINHO,2.37
JACAREZINNHO,1
JACAREZINO,1
JACAREZNHO,0
JACAREZXINHO,1
JACRE,0
JACREPAGUA,7
JADIM CARIOCA,1
JAQCAREPAGUA,0
JAQUELINE GONALVES DA SILVA,1
JAQUELINE OLIVEIRA DE SOUZA,1
JAR,1
JARDI9M CARIOCA,0
JARDIM,0
JARDIM AMERIC,1
JARDIM AMERICA,3.549
JARDIM AMREICA,1
JARDIM AMRICA,0
JARDIM ANERICA,0
JARDIM BANGU,22
JARDIM BOTANICO,136
JARDIM BOTANICP,1
JARDIM CARICA,1
JARDIM CARIO,0
JARDIM CARIOA,0
JARDIM CARIOCA,1.46
JARDIM GUANABARA,138
JARDIM GUARATIBA,3
JARDIM MAERICA,1
JARDIM MARAVILHA,3
JARDIM PALMARES,2
JARDIM PALMARES PACIENCIA,2
JARDIM SUCACAP,0
JARDIM SULACAMP,1
JARDIM SULACAP,270
JARDIM SULA CAP,0
JARDIM VARIOCA,0
JAREPAGUA,1
JARIM CARIOCA,0
JAVATA,1
JCARE,0
JCAREPAGUA,0
JD CARIOCA,1
JESUITAS,3
JHARDIM CARIOCA,1
JOA,1
JOAO NUNES SALDANHA,1
JOAO RIBEIRO,1
JOHNATA FERREIRA DA SILVA,0
JORDAO,1
JOSE AUGUSTO MARTINS DE OLIVEIRA,1
JQCQREZINHO,0
JRDIM AMERICA,0
JULIANA MOREIRA DA SILVA,0
JUQUERI,0
KELSOM PENHA CIRCULAR,1
KELSON,2
KOSMOS,0
LADOA,0
LAGOA,32
LAGOA DA BARRA,1
LAPA,73
LARANJAIRAS,1
LARANJEIRA,6
LARANJEIRAS,942
LARANJEIREAS,0
LARGO DO 40 MAGARCA,0
LARNJEIRAS,1
LBLON,1
LEBLON,204
LEBON,0
LEME,572
LEMOS,1
LEOPOLDINA,0
LIINS DE VASCONCELOS,1
LINAS DE VASCONCELOS,0
LINHA VERDE,1
LINS,2
LINSA DE VASCONCELOS,1
LINS DE BVASCONCELOS,1
LINS DE LINS DE VASCONCELOS,0
LINS DE VAACONCELOS,1
LINS DE VACONCELOS,16
LINS DE VADONCONCELOS,1
LINS DE VANCOCELOS,1
LINS DE VANCONCELOS,2
LINS DE VANSCONCELOS,0
LINS DE VASCCONCELOS,1
LINS DE VASCNCELOS,1
LINS DE VASCOCELOS,16
LINS DE VASCOCNELOS,0
LINS DE VASCOELOS,1
LINS DE VASCONCELLOS,1
LINS DE VASCONCELO,1
LINS DEVASCONCELOS,6
LINS DE VASCONCELOS,4.247
LINS DE V ASCONCELOS,0
LINSDE VASCONCELOS,0
LINS DE VASCONCELOSQ,1
LINS DE VASCONCELS,0
LINS DE VASCONCELSO,1
LINS DE VASCONCEOS,1
LINS DE VASCONCLOS,1
LINS DE VASCONCOLOS,0
LINS DE VASCONCONCELOS,1
LINS DE VASCONELOS,1
LINS DE VASCONSELOS,0
LINS DE VASCOVELOS,1
LINS DE VASNCONCELOS,0
LINS DE VASOCNCELOS,1
LINS DE VASONCELOS,3
LINS DE VASSCONCELOS,0
LINS DE VSCONCELOS,1
LINS E VASCONCELOS,1
LINS VASCONCELLOS,1
LINS VASCONCELO,1
LINS VASCONCELOS,7
LIS DE VASCONCELOS,1
LIS E VASONCELOS,1
LISN DE VASCONCELOS,1
LOTEAMENTO VILA EMILIA,0
LUCIO FLAVIO DE SOUSA FELISBERTO DE OLIVEIRA,1
LUIZ OTAVIO DIAS PEREIRA,1
MA,1
MABGUEIRA,1
MACILIO DIAS,1
MADU,1
MADUEIRA,8
MADUEIRA1,1
MADUEREIRA,3
MADUIREIRA,0
MADUREIEA,1
MADUREIRA,5.167
MADURERIA,1
MADURERIRA,1
MADUREUARA,1
MADUREURA,0
MADURIRA,2
MADUTEIRA,1
MAE,1
MAERE,1
MAGA BASTOS,0
MAGAHAES BASTOS,0
MAGALAES BASTOS,1
MAGALAHES BASTOS,9
MAGALHAE BASTOS,1
MAGALHAES,1
MAGALHAES BASTO,1
MAGALHAES BASTODS,0
MAGALH AES BASTOS,1
MAGALHAES BASTOS,2.195
MAGALHAES BATOS,0
MAGALHAES DE BASTOS,3
MAGALHAES MALLET,1
MAGALHAS BASTOS,3
MAGALHES BASTOS,2
MAGALHGAES BASTOS,1
MAGALI,1
MAGARCA,5
MAGLHAES BASTOS,1
MAGUEIRA,3
MAGUINHOS,6
MALLET,0
MAMDUREIRA,1
MAN1,1
MANDELA,2
MANGARATIBA,2
MANGEIRA,0
MANGINHOS,1
MANGUARIBA,4
MANGUEIR,0
MANGUEIRA,5.982
MANGUEIR A,3
MANGUEIRQA,1
MANGUERA,1
MANGUERIA,5
MANGUIEIRA,2
MANGUIERA,1
MANGUIHOS,1
MANGUINHHOS,1
MANGUINHIOS,0
MANGUINHO,6
MANGUINHOA,0
MANGUINHOD,1
MANGUINHOIS,0
MANGUINHOOS,0
MANGUINHOS,4.798
MANGUINHOS CONJUNTO,0
MANGUNHO,0
MANGUNHOS,4
MANGUNINHOS,0
MANHGUINHOS,1
MANQUINHO,1
MANQUINHOS,0
MANUINHOS,1
MAQNGUEIRA,2
MARA,0
MARACA,0
MARACACA,0
MARACAN,1
MARACANA,196
MARAE,0
MARCANA,1
MARCEHAL HERMES,1
MARCELLE CARVALHO RUSSO,1
MARCHAL HERMES,4
MARCILIO DIAS,1
MARE,14.137
MARE4,1
MARE BAIXA,1
MARE BAIXA DO SAPATEIRO,0
MARE BONSUCESSO,5
MARECCHAL HERMES,0
MARECHA,1
MARECHAEL HERMES,1
MARECHA HERMES,1
MARECHAL,7
MARECHAL DE DEODORO,0
MARECHAL HEMES,1
MARECHAL HERES,0
MARECHAL HERM,1
MARECHAL HERME,1
MARECHALHERMES,1
MARECHAL HERMES,2.314
MARECHAL HERMESRUA,1
MARECHAL HERMESS,1
MARECHAL HERNES,1
MARECHAL HERTMES,1
MARECHL HERMES,1
MAREE,1
MARE FOGO CRUZADO,1
MAREHAL HERMES,1
MAREHCAL HERMES,1
MARE HERMES,0
MARE MANGUINHOS,0
MARE MARCILIO DIAS,1
MARE NOVA HOLANDA,0
MARE NOVA HOLANDA BONSUCESSO,1
MARE PARQUE MARE,1
MARE PINHEIRO,1
MARE PISCINAO DE RAMOS,3
MARER,4
MARE RAMOS,8
MARE ROQUETE PINTO,0
MARE VILA DO JOAO,2
MARE VILA DO PINHEIRO,0
MARE VILA DOS PINHEIROS,1
MARIA DA GRAA,1
MARIA DA GRACA,264
MARIA DA GRACAS,1
MARIA DAS GRACAS,1
MARIA GRACA,2
MARIOPOLIS,2
MARUREIRA,1
MATE,0
MATO ALTO,0
MATRE,1
MATRIZ,0
MAUREIRA,3
MDUREIRA,1
MEIER,1.504
MEIR,1
MENDANHA,0
MERE,2
MGALHAES BASTOS,0
MICHAEL CARDOSO,0
MIER,1
MILENA APARECIDA FABIANA,1
MJARECHAL HERMES,1
MMARE,1
MNAGUEIRA,4
MONERO,55
MORRO DA PROVIDENCIA,1
MORRO DO ADEUS,0
MQDUREIRA,0
MRE,2
MSDUREIRA,1
MUZEMA,5
NACIONAL,2
NADUREIRA,2
NAGALHAES BASTOS,1
NIL,1
NOGUEIRA,1
NOSSA SENHORA DAS GRACAS,3
NOVA ALIANCA,1
NOVA BRASILIA,2
NOVA HOLANA BONSUCESSO,1
NOVA HOLANDA,16
NOVA HOLANDA MARE,1
NOVA IGUACU,1
NOVA SEPETIBA,5
NOVA SEPETIBA 1,1
NTRO,0
Localidade não preenchida,0
OLARIA,2.859
OLARIIA,1
OLARIO,1
OLARIOA,0
OLRIA,0
OMPLEXO DO ALEMAO,1
ONHOAIBA,1
ORACA SECA,1
OS,1
OSMAR MARQUES DOS SANTOS,0
OSMOS,0
OS VALDO CRUZ,1
OSVALDO CRUZ,10
OSWADO CRUZ,2
OSWALD CRUZ,0
OSWALDO,1
OSWALDO CRU,1
OSWALDO CRUS,1
OSWALDO CRUZ,1.701
OSWALDO CRUZR,1
OSWALDO CUZ,1
OSWALDOMCRUZ,1
OSWALDP CRUZ,0
Localidade não preenchida,4
P0ACIENCIA,1
P0AVUNA,0
P0RTUGUESA,1
PA,1
PAARQUE ANCHIETA,1
PAAVUNA,0
PABUNA,1
PAC,1
PACA SECA,1
PACEICNIA,1
PACEIENCIA,0
PACEINCIA,2
PACENCIA,3
PACI,2
PACIANCIA,1
PACIE,4
PACIECIA,8
PACIECNIA,2
PACIEENCIA,1
PACIEN,3
PACIENCA,2
PACIENCAI,1
PACIENCI,2
PACIENCIA,18.244
PAC IENCIA,0
PACIE NCIA,3
PACIENCIAESTRADA,1
PACIENCIA NOVA JERSEY,1
PACIENCIAP,1
PACIENCIARUA,8
PACIENCIA RUA,1
PACIENCIASANTA CRUZ,1
PACIENCOA,1
PACIENIA,3
PACIENICA,2
PACIENTE,1
PACINCIA,11
PACINECIA,1
PACIOENCIA,1
PACIRENCIA,0
PADRE,8
PADRE MGIUEL,1
PADRE MGUEL,1
PADRE MIGUEL,6.435
PADRE MIGUELR,0
PADRE MIGUELRU,1
PADRTE MIGUEL,1
PAIA DA BANDEIRA,0
PAICENCIA,1
PALMA,0
PALMARES,7
PAQCIENCIA,1
PAQUE,1
PAQUE ANCHIETA,0
PAQUETA,476
PAR,1
PARACA SECA,0
PARADA,1
PARADA DA LUCAS,0
PARADA DE LUCAS,2.378
PARADA DE LUCASRUA,1
PARADA DE LUZ,1
PARADA LUCAS,6
PARADAS DE LUCAS,5
PARAD DE LUCAS,0
PARDA DE LUCAS,4
PARE ANCHIETA,0
PARQU,1
PARQUE,2
PARQUE AANCHIETA,1
PARQUE ALEGRIA,1
PARQUE ANCHEITA,9
PARQUEANCHIETA,0
PARQUE ANCHIETA,1.682
PARQUE ANCHIETAR,1
PARQUE ANCHIETA RUA,1
PARQUE ANCHIIETA,0
PARQUE ANCHITA,1
PARQUE ANCHYIETA,1
PARQUE ANHIETA,1
PARQUE COLUMBI,1
PARQUE COLUMBIA,1.612
PARQUE COLUMBUIA,1
PARQUE COLUMIA,1
PARQUE DA CIDADE,16
PARQUE DA COLUMBIA,0
PARQUEE ANCHIETA,1
PARQUE EVEREST,1
PARQUE MARE,1
PARQUE NCHIETA,0
PARQUE OSVALDO CRUZ,2
PARQUE PROLETARIO DA PENHA,2
PARQUE UNIAO,6
PARQUE UNIAO MARE,1
PARQUQ ANCHIETA,1
PAULO CESAR SCHULZ DA ROCHA,0
PAUNA,1
PAUVNA,0
PAVUA,0
PAVUANA,0
PAVUINA,0
PAVUNA,7.461
PAVUN A,1
PAVUNHA,0
PCIANECIA,1
PCIENCIA,2
PECHICHA,1
PECHICNHA,0
PECHINCA,25
PECHINCHA,841
PECHINCHA JACAREPAGUA,0
PECHINCHA JPA,2
PECHINHCA,1
PECHUINCHA,0
PECIENCIA,0
PEDADE,0
PEDRA DE GRARATIBA,0
PEDRA DE GUARA,0
PEDRA DE GUARAMAR,1
PEDRA DE GUARATAIBA,1
PEDRA DEGUARATIBA,1
PEDRA DE GUARATIBA,1.272
PEDRA DE GUARTIBA,2
PEDRA DE GUAVRATIBA,1
PEDRA DE GURATIBA,3
PEDRA GUARATIBA,6
PEDRA GUARTIBA,1
PEDREIRA,1
PELCHINCHA,1
PENAH,1
PENCHICA,0
PENDURA SAIA,1
PENH,1
PENHA,8.923
PENHA CICULAR,1
PENHA CIIRCULAR,1
PENHA CIR,1
PENHA CIRCILAR,2
PENHA CIRCLAR,4
PENHA CIRCUALR,1
PENHA CIRCULA,1
PENHA CIRCULAR,4.408
PENHA CIRCULAS,1
PENHA CIRCURLAR,0
PENHA CIRSULAR,1
PENHA CIRUCLAR,1
PENHA CRCULAR,0
PENHA CRICULAR,3
PENNHA,1
PEPCHINCHA,1
PERA DE GUARATIBA,1
PIALRES,2
PIDADE,1
PIE,1
PIEADDE,0
PIEADE,1
PIEDADE,4.837
PIEDADE A,0
PIEDADEE,1
PIEDADES,2
PIEDAE,5
PIEDDAE,0
PIEDFADE,1
PILAREES,2
PILARES,2.437
PILRES,3
PINHEIRO,5
PINHEIROS,1
PINTANGUEIRAS,1
PINTO TELES,1
PIRAQUE,0
PISCINAO,1
PISCINAO DE RAMOS,0
PISCINAO RAMOS,1
PIS DE RAMOS,1
PITAGUEIRAS,0
PITANGUEIRA,19
PITANGUEIRAS,723
PITANGUEIRASRU,1
PITANGUERAS,1
PITANMGUEIRAS,0
PITANNGUEIRAS,1
PLARES,1
PLECHINCHA,0
PORT,2
PORTUESA,0
PORTUGUESA,1.017
PORTUGUESAR,0
PORUTGUESA,0
POTUGUESA,0
PQUE COLUMBIA,1
PRA,2
PRAA,0
PRAA DA BANDEIRA,1
PRACA,2
PRACA DA,1
PRACA DA BANDEIRA,278
PRACA DA BANDERA,0
PRACA DA BIBLIA,1
PRACA ONZE,2
PRACA SEC,0
PR ACA SECA,1
PRACA SECA,5.538
PRACA SECA MATO ALTO,1
PRACA SECQA,0
PRACAS SECA,0
PRAC SECA,1
PRAIA DA BANDEIRA,71
PRAIA DA BANDERIA,0
PRAIA DA BRISA,1
PRAIA DE RAMOS,1
PRAQCA SECA,0
PRA SECA,0
PRCA SECA,0
PROVIDENCIA,3
PROXIMO,1
PROXIMOPRO,0
PSCIENCIA,2
PTRACA SECA,1
P U,1
PVAUNA,1
QQ,0
QUARATIBA,1
QUINLTINO BOCAIUVA,1
QUINTANILHA,1
QUINTINHO BOCAIUVA,1
QUINTINI BOCAIUVA,4
QUINTINIO BOCAIUVA,1
QUINTINO,67
QUINTINO BACAIUVA,2
QUINTINO BGOCAIUVA,0
QUINTINO BOCAIUVA,1.734
QUINTINO BOCAIVA,8
QUINTINO BOCAQIUVA,1
QUINTINO BOCASIUVA,1
QUINTINO BOCAUIVA,2
QUINTINO BOLCAIUVA,1
QUINTINO BOVAIUVA,1
QUINTINO COCAIUVA,0
QUINTINO DE BOCAIU,0
QUINTINO DE BOCAIUVA,10
QUINTINO GBOCAIUVA,1
QUINTINO QUINTINO,2
QUINTUINO BOCAIUVA,1
QUIONTINO BOCAIUVA,1
Localidade não preenchida,1
R0CHA,2
RACHUELO,0
RAELENGO,1
RALENGO,1
RAMO,1
RAMOP,1
RAMOS,2.632
RA MOS,1
RAMOS PICINAO,0
RAMOS PISCINAO,2
RAQUEL UNIAO,1
RE,1
REA,3
REAELNGO,1
REAENGO,6
REAL,1
REALAENGO,2
REALEGO,2
REALENG0,1
REALENGO,16.309
REALENGO BATAN,3
REALENGOCENTRO,0
REALENGOI,1
REALENGORU,1
REALENNGO,1
REALENO,1
REALIDADE,1
REALLENGO,0
REALNGO,2
REALRNGO,1
RECR DOS BANDEIRANTES,1
RECREIO,40
RECREIO BEIRA RIO,1
RECREIO DE BANDEIRANTES,9
RECREIO DO BANDEIRANTES,1
RECREIO DOS BADEIRANTES,1
RECREIO DOS BAMNDEIRANTES,1
RECREIO DOS BANDEIERANTES,2
RECREIO DOS BANDEIRANENTES,0
RECREIO DOS BANDEIRANTAES,0
RECREIO DOS BANDEIRANTE,16
RECREIO DOS BANDEIRANTES,2.819
RECREIO DOS BANDEIRANTESRUA,6
RECREIO DOS BANDEIRANTRS,1
RECREIO DOS BANDEIRATES,2
RECREIO DOS BANDEIRAZNTES,0
RECREIO DOS BANDEIREANTES,1
RECREIO DOS BANDEIRNTES,1
RECREIO DOS BANDERANTES,0
RECREIO DOS BANDREIRANTGES,1
RECREO DOS BADEIRANTES,0
RECRIO DOS BANDEIRANTES,1
REEALENGO,1
RELAENGO,2
RELANEGO,3
RELENGO,7
REMOS,0
RERALENGO,1
RESLENGO,0
RIACARDO DE ALBUQUERQUE,2
RIACHELO,1
RIACHOELO,1
RIACHUELEO,0
RIACHUELO,415
RIACHULEO,1
RIBEIRA,51
RIC,1
RICADO DE ALBUQUERQUE,1
RICADO DE ALBUQUERQUER,1
RICAR,1
RICARD,0
RICARDO,7
RICARDO ALBIRQUERQUE,0
RICARDO ALBOQUERQUE,2
RICARDO ALBUQUERQUE,17
RICARDO ALBURQUERQUE,1
RICARDO DE,3
RICARDO DE AL,0
RICARDO DE ALBOQUERQUE,4
RICARDO DE ALBUQERQUE,3
RICARDO DE ALBUQEUERQUE,2
RICARDO DE ALBUQUERQ,1
RICARDO DE ALBUQUERQE,2
RIC ARDO DE ALBUQUERQUE,0
RICARDO DE ALBUQUERQUE,2.411
RICARDO DE ALBUQUERQUER,0
RICARDO DE ALBUQUERQUERUA,1
RICARDO DE ALBUQUERQUE RUA,1
RICARDO DE ALBUQUERQUUE,1
RICARDO DE ALBUQUERUE,1
RICARDO DE ALBUQUERUQE,1
RICARDO DE ALBUQUERUQUE,1
RICARDO DE ALBUQUQERQUQE,0
RICARDO DE ALBUQURQUE,0
RICARDO DE ALBURQUEQUE,2
RICARDO DE ALBURQUERQUE,2
RICARDO DE ALBUUQERQUE,1
RICARDO DE ALUBUQUERQUE,2
RICARDO DE ALUQUERQUE,1
RICARDO DE LABUQUERQUE,1
RICARDO DEM ALBUQUERQUE,0
RICARDO DE QALBUQUERQUE,1
RICARDOM DE ALBUQUERQUE,0
RICHUAELO,1
RICHUELO,0
RICICARDO DE ALBUQUERQUE,1
RI COMPRIDO,1
RIIO DAS PEDRAS,1
RIO,1
RIOCINHA,0
RIO CO,0
RIO COIMPRIDO,0
RIO COMPRDIO,1
RIO COMPRDO,1
RIO COMPREIDO,1
RIO COMPRI,1
RIO COMPRIDO,3.754
RIO COM PRIDO,1
RIO COMRIDO,0
RIO COMRPDIO,1
RIO COMRPIDO,2
RIO CUMPRIDO,7
RIO DA PEDRAS,1
RIO DAS PDRAS,1
RIO DAS PEDRAS,226
RIO DAS PERAS,0
RIO DE COMPRIDO,1
RIO DE JANEIRO,535
RIO DSA PEDRAS,0
RIOMCOMPRIDO,1
RIOM DAS PEDRAS,1
RIO OCMPRIDO,1
RIO OMPRIDO,3
RIQCHUELO,1
RMAOS,0
RO,3
RO0CINHA,1
ROCCINHA,1
ROCHA,1.315
ROCHA EMERGENCIAL,1
ROCHA MIIRANDA,4
ROCHA MIRANDA,3.747
ROCHA MITRANDA,5
ROCIANHA,3
ROCIHA,2
ROCINH,1
ROCINHA,8.139
ROC INHA,1
ROCINHA MATINHA DA ROCINHA,1
ROCINHAS,1
ROCINHJA,1
ROCINMHA,1
ROCINNHA,0
ROCNHA,1
RODHA MIRANDA,1
RODRIGO ROMUALDO DOS SANTOS SILVEIRO,1
ROICNHA,2
ROLAS,0
RUA,59
RUA CANDIDO MAGALHAES,1
RUA CHIQUINHA GONZAGA,1
RUA COMETA 4,0
RUA COMPRIDO,1
RUA DIAMANTE DO NORTE,1
RUA DO BISPO,0
RUA FERNANDES DA CUNHA,0
RUA LEOPOLDO BULHOES 700,0
RUA LIMITES 1468,0
RUA MOZOLANDIA,0
RUA PROJETADA A,1
RUA TRINTA E UM DE JANEIRO N 1,1
RUA TUPINIQUINS,1
RUA VIEIRA DE ARAUJO,1
RUSANTA CRUZ,1
Localidade não preenchida,4
SA,6
SA0 CONRADO,3
SAANTA TERESA,0
SAANTA TERSA,4
SAANT CRUZ,1
SABNTA CRUZ,1
SABTA CRUZ,2
SALGGUEIRO,1
SAMAPAIO,0
SAMAPIO,8
SAMPAIIO,1
SAMPAIO,1.747
SAMPAO,1
SAMPIAO,1
SAMPIO,0
SAMTA CRUZ,1
SAMTISSIMO,0
SAMYA CRUZ,1
SAN,6
SAN6A CRUZ,0
SANA CRUZ,2
SANADOR CAMARA,2
SANADOR VASCONCELOS,1
SANATA CRUZ,3
SANATA TERESA,0
SANAT CRUZ,24
SANA TERESA,0
SANAT TERESA,1
SANISSIMO,1
SANMTISSIMO,1
SANNTA CRUZ,2
SANOT CRISTO,0
SANRA CRUZ,0
SANT,1
SANTA,31
SANTA ACRUZ,1
SANTA C,1
SANTA CANDIDA,1
SANTA CCRUZ,0
SANTAC CRUZ,0
SANTA CDRUZ,0
SANTA CR,1
SANTA CRAS,0
SANTA CRAUZ,1
SANTA CREUZ,1
SANTA CRIUZ,2
SANTA CRIZ,6
SANTA CRRUZ,2
SANTA CRU,2
SANTA CRUA,6
SANTA CRUCRUZ,1
SANTA CRUIZ,3
SANTA CRUS,1
SANTA CRUX,1
SANTACRUZ,2
SA NTA CRUZ,1
SANT ACRUZ,4
SANTA CRUZ,36.061
SANTA C RUZ,1
SANTA CRU Z,1
SANTA CRUZ241,1
SANTA CRUZ AREA NORMAL,1
SANTA CRUZ B,1
SANTA CRUZ CESARAO,1
SANTA CRUZCOPACABANA,1
SANTA CRUZN,2
SANTA CRUZ OUTROS,3
SANTA CRUZ RUA,0
SANTA CRUZS,1
SANTA CRYUZ,2
SANTA CRZ,3
SANTA CRZU,0
SANTA CURZ,0
SANTA CUZ,18
SANTA EFIGENIA,0
SANTA MARGARIDA,2
SANTA RUZ,2
SANTAS CRUZ,10
SANTA TER4ESA,0
SANTATERESA,1
SAN TA TERESA,1
SANTA TERESA,3.394
SANTA TE RESA,0
SANTA TERESA B,4
SANTA TERESA R,1
SANTA TERESA RUA,1
SANTA TERESAS,1
SANTA TERESSA,1
SANTA TEREZA,14
SANTA TERSA,1
SANTA TERTESA,1
SANTA TERZA,0
SANTA TRERESA,1
SANTA TRESA,2
SANTBISSIMO,1
SANT CRUZ,5
SANTERESA,1
SANTE TERESA,0
SANTI,1
SANTISIMO,5
SANTISISMO,2
SANTISSIMO,5.705
SA NTISSIMO,0
SANTISSI MO,1
SANTISSIMO9,0
SANTISSIMO RU,1
SANTISSIMOSANTISIS,0
SANTISSIO,1
SANTISSISMO,0
SANTISSMO,5
SANTISSO,2
SANTISSOM,0
SANTISSSIMO,4
SANTO,2
SANTO AMARO,0
SANTO CRISTO,2.292
SANTO CRISTTO,1
SANTO SANTOS,1
SANTOS CRISTO,6
SANTQ CRUZ,1
SANTRA CRUZ,1
SANTSSIMO,3
SANTZ CRUZ,0
SAO CARLOS,3
SAO CONRAD0,1
SAO CONRADO,161
SAO CO NRADO,1
SAO CRISTIOVAO,1
SAO CRISTOVAAO,1
SAO CRISTOVAN,0
SAO CRISTOVAO,3.902
SAO CRISTOV AO,1
SAO CRISTOVAO A,1
SAO CRISTOVAQO,0
SAO CRITOVAO,3
SAO CRSITOVAO,1
SAO CRSTOVAO,1
SAO CRTISTOVAO,0
SAO FRACISCO CHAVIER,1
SAO FRACISCO XAVIER,2
SAO FRANCICO XAVIER,2
SAO FRANCIDCO XAVIER,0
SAO FRANCISCO,1
SAO FRANCISCO JOBIM,0
SAO FRANCISCO XAVIER,414
SAO FRANCSICO XAVIER,0
SAO FRANSCISCO XAVIER,0
SAO FRANSICO XAVIER,0
SAO FRNCISCO XAVIER,2
SAO JOAO DE MERITI,0
SAO JOSE OPERARIO,0
SAPAIO,0
SAQBTA CRUZ,1
SATACRUZ,1
SATA CRUZ,5
SATANT CRUZ,1
SATA TERESA,1
SATISSIMO,2
SAUDE,397
SAUDO,1
SDENADOR VASCONCELOS,1
SE,1
SE3NADOR CAMARA,1
SE3PETIBA,0
SE4NADOR CAMARA,1
SEANDOR CAMARA,1
SEEPTIBA,4
SEETIBA,2
SEMADOR CAMARA,0
SENA,1
SENAADOR CAMARA,1
SENA CAMARA,1
SENADO CAMARA,3
SENADOE CAMARA,1
SENADOR,5
SENADOR AUGUSTO VASCONCELOS,3
SENADOR CAAMARA,0
SENADOR CAARA,0
SENADOR CAMAAR,0
SENADOR CAMAR,7
SENADORCAMARA,1
SEN ADOR CAMARA,3
SENADOR CAMARA,12.084
SENADOR CAM ARA,1
SENADOR CAMARAR,1
SENADOR CAMRA,4
SENADOR DE VASCONCELOS,0
SENADOR VACONCELOS,4
SENADOR VASACONCELOS,0
SENADOR VASCOCELOS,3
SENADOR VASCOCNELOS,5
SENADOR VASCONCEL0S,1
SENADOR VASCONCELLOS,2
SENADOR VASCONCELO,1
SENADOR VASCONCELO9S,1
SENADOR VASCONCELOS,2.898
SENADOR V ASCONCELOS,0
SENADOR VASCON CELOS,1
SENADOR VASCONCELOS RJ,1
SENADOR VASCONCELSO,1
SENADOR VASCONCEOS,1
SENADOR VASCONCLOS,0
SENADOR VASCONELOS,2
SENADOR VASENCELOS,0
SENADOR VASONCELOS,3
SENADOS VASCONCELOS,1
SENADRO VASCONCELOS,3
SENANDOR CAMARA,1
SENANDOR VACCONCELOS,1
SENANDOR VASCONCELOS,2
SENAOR CAMARA,0
SENARDOR CAMARA,1
SENASOR CAMARA,1
SENDOR CAMARA,3
SENDOR VASCONCELOS,2
SENHADOR CAMARA,0
SENNADOR CAMARA,1
SEN VASCONCELOS,1
SEPE,0
SEPEIBA,1
SEPEITBA,1
SEPEPTIBA,0
SEPETBA,2
SEPETIA,3
SEPETIB,2
SEPETIBA,12.359
SEPETIBAQ,2
SEPETIBA RUA,1
SEPETIBASEPET,1
SEPITIBA,0
SEPTIBA,8
SERNADOR CAMARA,1
SITIO,1
SMPAIO,1
SNADOR CAMARA,0
SNADOR VASCONCELOS,1
SNATA CRUZ,1
SNATISSIMO,2
SNEDOR CAMARA,1
SNTA CRUZ,3
SNTISSIMO,4
SOBRADO,1
SOSSEGO,1
SPEETIBA,1
SPETIBA,3
SSANTA TERESA,1
SSNTS CRUZ,0
STA CRUZ,1
SUADE,1
SULACAP,8
SWANTA CRUZ,1
SZANTA TERESA,1
Localidade não preenchida,11
TA,2
TAMQUE,1
TAN,1
TANQUE,3.523
TANQUE JACAREPAGUA,0
TANQUIE,1
TAQ,0
TAQIUARA,0
TAQNUE,1
TAQU,0
TAQUA,0
TAQUAR,0
TAQUARA,7.069
TAQUARA COLONIA,1
TAQUARA IPADU,0
TAQUARA JACAREGUA,0
TAQUARA JACAREPAQUA,1
TAQUARAQ,0
TAQUERA,1
TAQURA,4
TAU,2
TAUA,2.142
TAUQARA,0
TEIXEIRA,1
TERRA ENCANTADA,0
TERRIO,1
THOMAS COELHO,6
THOMAZ COELHO,1
TI,1
TIJCUA,1
TIJUCA,3.95
TIJUCAQ,0
TIJUCS,0
TIJUQUINHA,3
TIJUYCA,1
TIMAS COELHO,1
TIMBAU,1
TIROL,0
TIUCA,0
TIUJCA,1
TODOS DOS SANTOS,1
TODOS OS SANTOS,487
TODOS SANTOS,1
TODOS SO SANTOS,1
TODOS SOS SANTOS,1
TOM,1
TOMA,0
TOMA COELHO,1
TOMAS,0
TOMAS COE,1
TOMAS COEL,1
TOMAS COELHO,2.198
TOMAS COELHPO,2
TOMAS COLEHO,3
TOMAZ COELHO,3
TRAVESSA,2
TRIAGEM,4
TRUACU,1
TUA,1
TUBIACANGA,5
TUIUTI,3
TURACU,1
TURANO,1
TURIA,2
TURIACU,1.332
TURIACUA,0
TURIAU,0
TURICU,2
UADALUPE,0
UJARDIM SULACAP,0
URCA,42
URU,1
URUCANIA,2
USINA,0
Localidade não preenchida,0
VAGEM GRANDE,1
VALQUEIRE,1
VAQRGEM GRANDE,1
VAR,0
VAREGM PEQUENA,1
VARGEM GANDE,1
VARGEM GARNDE,2
VARGEM GRADE,0
VARGEM GRAND,1
VARGEM GRANDE,1.874
VARGEM GRANDEES,1
VARGEM GRANDER,0
VARGEM GRANHDE,0
VARGEM PEQUEMA,0
VARGEMPEQUENA,1
V ARGEM PEQUENA,3
VARGEM PEQUENA,3.37
VARGEM PEQUEN A,1
VARGEM PEQUENAAVE,0
VARGEM PEQUNA,1
VARGEM PEQURENA,1
VARGE PEQUENA,0
VAS,1
VASCO DA GAMA,1.661
VASCONCELOS,1
VAZ BOBO,1
VAZL LOBO,1
VAZ LOB,1
VAZLOBO,1
VA Z LOBO,1
VAZ LOBO,1.364
VAZ LOBO 1,1
VAZ LOBOQ,0
VAZ OBO,1
VB,1
VENDA DE VARANDA,1
VGARIO GERAL,0
VI,2
VIA DA PENHA,1
VIAGARIO GERAL,1
VIA ISABEL,2
VIA KENNEDY,1
VIA KOSMOS,1
VIAL ISABEL,0
VICE,1
VICENTE,0
VICENTE CARVALHO,15
VICENTE D CARVALHO,0
VICENTE DE CAERVALHO,1
VICENTE DE CARAVLHO,1
VICENTE DE CARVAHO,1
VICENTE DE CARVALHO,1.951
VICENTE DE C ARVALHO,0
VICENTE DE CARVALHON,0
VICENTE DE CARVALO,1
VICENTE DE CARVLHAO,0
VICENTE DE CARVLHO,1
VICENTE DE CRVALHO,1
VICENTE DER CARVALHO,0
VICENTE DE VARVALHO,0
VICNTE DE CARVCALHO,1
VID8GAL,0
VIDEIGAL,0
VIDIAGAL,1
VIDIGAL,1.766
VIDIGAL CHACARA DO CEU,0
VIDIGL,1
VIECENTE DE CARVALHO,1
VIGA,1
VIGARAL GERAL,1
VIGARE GERAL,0
VIGARIA,1
VIGARIA GERAL,2
VIGARI GERAL,1
VIGARIO,1
VIGARIO4 GERAL,0
VIGARIO GERAL,4.24
VIGARIO GERLA,1
VIGERAL GERAL,0
VIGILANTE,0
VIGRIO GERAL,6
VIIDGAL,1
VIIDIGAL,1
VILA,4
VILA 4 BLOCO 6 APTO301,0
VILA ALIANCA,20
VILA CANOAS,4
VILA CANOAS SAO CONRADO,1
VILA CATIRI,1
VILA COSMO,1
VILA COSMOS,8
VILA CRUZEIRO,1
VILA DA PAZ,1
VILA DA PEMHA,0
VILA DA PENA,1
VILA DA PENHA,460
VILA DE PENHA,0
VILA DO JOAO,3
VILA DO JOAO MARE,1
VILA DO PINHEIRO,4
VILA DO PINHEIRO MARE,1
VILA DOS PINHEIROS,4
VILA ELDORADO,1
VILA ENNEDY,1
VILA ESPENCA,0
VILA ESPERANCA,1
VILA ESPERANCA JARDIM AMERICA,1
VILAGE,2
VILAGE PAVUNA,0
VILA IABEL,1
VILA ISA,0
VILA ISAB3L,1
VILA ISABAEL,1
VILA ISABE,0
VIL A ISABEL,10
VILA ISABEL,3.5
VILA I SABEL,1
VILA ISABELRURU,0
VILA ISABEWL,0
VILA ISABL,2
VILA ISABRL,1
VILA ISAEBL,1
VIL A ISANEL,0
VILA ISBAEL,1
VIL A ISBEL,1
VILA ISBEL,1
VILA JOAO,0
VILA JUREMA,1
VILA KE,1
VILA KENEDDY,2
VILA KENEDY,4
VILA KENENDY,1
VILA KENNDEDY,1
VILA KENNDY,6
VILA KENNED,3
VILA KENNEDY,7.335
VILA KENNEDY BANGU,0
VILA KENNEDYES,1
VILA KENNENDY,13
VILA KENNNEDY,2
VILA KENNYDI,1
VILA KKENNEDY,1
VILA KOMOS,1
VILA KOSMO,6
VILA KOSMOS,762
VILA KRNNEDY,0
VILA KSOMOS,0
VILA METRAL,1
VILA MILITAR,224
VILA MILLITAR,1
VILA MLITAR,0
VILA PA PENHA,1
VILAR CARIOCA,1
VILA ROSALI,1
VILA SAPE,1
VILA SIABEL,0
VILAS KOSMOS,0
VILA VAKQUEIRE,0
VILA VALQUEIR,0
VILA VALQUEIRA,3
VILA VALQUEIRE,1.375
VILA VALQUEIRO,0
VILA VALQUERE,0
VILA VALQUIERE,0
VILA VERDE,1
VILA VIKENNEDY,0
VILA VINTEM,2
VILA VLAQUEIRE,0
VIL ISABEL,0
VIL KENNEDY,1
VILLAGE PAVUNA,2
VILLA KENNEDY,3
VILLA KOSMO,1
VILS KOSMOS,1
VINICIUS MACHADO PENA,0
VIRGEM PEQUENA,1
VISA ISABEL,0
VIS ALEGRE,1
VISTA ALEGRE,290
VISTO ALEGRE,0
VIVENTE DE CARVALHO,0
VIVIGARIO GERAL,4
VLA ISABEL,1
VL VALQUEIRE,0
VOLA KENNEDY,0
VOLA KOSMOS,0
VOZ LOBO,0
WANIELE SILVA DE OLIVEIRA,1
WESLEN CLAUDINO DA SILVA,1
WSSSSSDZX,1
Localidade não preenchida,1
XAMPO GRANDE,0
YASMIN MARQUES GUIMARAES,0
ZONA NORTE,1
ZUMBI,31
,
,
,
,
,
,
,
,
,
,
,
,
,
,
,
,
,
,
,
,
,
,
,
,
,
,
,
,
,
,
,
,
,
,
,
,
,
,
,
,
,
,
,
,
,
,
,
,
,
,
,
,
,
,
,
,
,
,
,
,
,
,
,
,
,
,
,
,
,
,
,
,
,
,
,
,
,
,
,
,
,
,
,
,
,
,
,
,
,
,
,
,
,
Total,554.872
